Age,Gender,Country,JobRole,YearsAtCompany,WorkHoursPerWeek,RemoteWork,BurnoutLevel,JobSatisfaction,StressLevel,ProductivityScore,SleepHours,PhysicalActivityHrs,CommuteTime,HasMentalHealthSupport,ManagerSupportScore,HasTherapyAccess,MentalHealthDaysOff,SalaryRange,WorkLifeBalanceScore,CareerGrowthScore,BurnoutRisk,SurveyDescription
50,Male,India,Customer Support,10,45,Yes,4.26,2.81,2.61,2.79,7.3,5.3,60,No,2.93,Yes,6,40K-60K,1.96,6.49,0,"As a 10-year veteran in the Customer Support role, I feel overwhelmed by the excessive demands and stress (2.61) that has pushed my burnout level to 4.26, affecting my overall wellbeing. Despite having access to therapy, I often find it challenging to maintain a healthy work-life balance, especially with a 60-minute commute and only 7.3 hours of sleep daily. My ManagerSupportScore of 2.93 and SalaryRange of 40K-60K fail to offset the dissatisfaction I feel in my job, further impacting my wellbeing and causing mental health days off."
26,Non-binary,Germany,Customer Support,12,49,Yes,6.75,6.22,5.08,2.77,6.3,0.2,116,Yes,2.16,No,2,<40K,4.55,8.84,0,"As a 12-year customer support employee based in Germany, I often feel overwhelmed by the demands of my high-stress job that requires me to work 49 hours a week, leaving me with little time for a decent work-life balance. With only 0.2 hours of physical activity a day and a mere 6.3 hours of sleep, I struggle to maintain my mental and physical wellbeing, making me increasingly more prone to burnout. Despite having access to some form of mental health support from my manager, the lack of career growth opportunities and a salary below 40k only adds to my frustration, making me question the sustainability of my current role."
56,Male,Germany,Customer Support,6,36,Yes,9.57,1.58,5.18,4.14,6.5,0.9,93,Yes,6.2,No,0,<40K,7.86,2.62,1,"As a 56-year-old customer support employee in Germany, I feel consistently drained due to high stress levels and a significant burnout risk, which negatively impacts my overall wellbeing. My long commute and lack of career growth opportunities exacerbate these issues, further straining my work-life balance. Despite having a supportive manager, the physical demands of my job and limited access to therapy leave me feeling unfulfilled and burnt out."
30,Non-binary,Australia,Customer Support,12,59,No,2.94,7.64,2.4,6.66,5.1,3.3,43,Yes,3.46,No,6,40K-60K,4.58,1.68,0,"As a customer support representative in Australia, I often feel overwhelmed with stress from dealing with difficult customers and long work hours, which contributes to my moderate burnout level and affects my overall wellbeing. Although I have access to manager support, my lack of career growth opportunities and limited access to therapy leave me feeling unfulfilled and anxious about my job. Despite a relatively high income and decent physical activity, my poor work-life balance and constant commutes have taken a toll on my mental and physical health."
34,Prefer not to say,India,Customer Support,8,51,No,1.07,3.94,4.49,8.18,8.6,2.4,102,No,9.91,No,5,<40K,6.21,7.84,0,"As a 34-year-old customer support executive in India, I often find myself struggling to manage the immense pressure and stress levels that come with a demanding 51-hour workweek. Despite a supportive manager, I feel overwhelmed due to a lack of work-life balance and limited time for self-care, leading to burnout and impacting my overall wellbeing."
32,Non-binary,Germany,Customer Support,19,48,Hybrid,7.63,8.52,2.14,7.53,6.7,9.2,114,No,9.49,No,0,80K-100K,2.72,6.55,1,"Working in customer support for 19 years, with a demanding workload of 48 hours a week, I often find myself struggling with a burnout level of 7.63. Despite having a satisfactory job with a decent salary range, my lack of work-life balance makes it difficult to maintain a healthy stress level and sufficient sleep hours, averaging just 6.7 hours per night. The absence of mental health support, therapy access, and poor work-life balance contribute to my overall feeling of disbalance and exhaustion."
50,Male,Brazil,Customer Support,12,42,Hybrid,8.68,3.3,8.21,1.25,4.5,9,23,Yes,4.95,No,9,40K-60K,7.85,5.54,1,"As a customer support employee in Brazil, I often feel exhausted and burnt out, struggling to find a balance between my work and personal life. Working 42 hours a week on top of commuting for nearly an hour, I barely get enough sleep and manage to squeeze in physical activity, but it's clear that my mental and physical health are suffering. With a high stress level and low job satisfaction, I'm starting to wonder if my long-term career at this company is really worth the toll it's taking on my well-being."
42,Non-binary,USA,Customer Support,7,55,Yes,9.14,4.28,2.3,8.99,6.6,2.3,15,Yes,6.9,No,0,60K-80K,2.67,9.03,1,"As a 42-year-old non-binary individual in the USA, working as a Customer Support employee from home, I experience high stress levels due to a demanding 55-hour workweek, which significantly impacts my overall wellbeing. Despite being in a relatively high-paying job with a range of $60-80K, I often struggle with achieving a work-life balance, leaving me feeling burnt out with a level of 9.14. My job satisfaction is somewhat low at 4.28, and although I have access to manager support, I don't have the luxury of taking mental health days off, contributing to my poor wellbeing."
48,Female,Canada,Customer Support,6,30,Hybrid,5.16,7.99,8.58,8.14,5.2,0.2,30,Yes,8.34,Yes,8,100K+,6.69,7.63,0,"As a hybrid customer support specialist in Canada, I feel overwhelmed by the high stress levels that have become a persistent issue in my job, which affects not just my work but also my sleep, averaging only 5.2 hours a night. Despite the supportive manager and access to therapy, I struggle to achieve a balance between work and personal life, and the limited physical activity of just 0.2 hours a week only adds to my fatigue. With burnout levels reaching a critical point, it's essential that I address these issues to prevent further risks and maintain my job satisfaction, which remains reasonably high at 7.99 out of 10."
46,Female,India,Customer Support,1,40,No,6.04,6.55,8.09,3.74,4.9,0,65,Yes,3.34,No,1,40K-60K,7.83,1.72,0,"As a 46-year-old customer support employee in India, I feel consistently overwhelmed and exhausted due to the extremely high stress levels, making everyday tasks feel like a challenge. Despite having a decent salary and some degree of work-life balance, I'm struggling to cope with the burden of burnout, which has now become a significant concern for me. However, knowing that my company offers mental health support and has not yet led to burnout, gives me some sense of reassurance amidst the overwhelming work demands."
42,Female,India,Customer Support,18,57,Yes,8.58,2,2.38,3.62,6.6,8.2,46,No,6,No,1,60K-80K,6.84,9.11,1,"Working as a customer support professional in India for 18 years has taken a toll on my wellbeing, with extremely high stress levels and an overwhelming sense of burnout that affects my overall work experience. The lack of work-life balance, coupled with a 57-hour workweek and 46-minute commute, makes it challenging for me to recharge and engage in activities that bring me joy. Despite a good salary range and potential for career growth, the absence of mental health support and resources leaves me feeling unvalued and unsupported in my role."
45,Male,Brazil,Customer Support,6,34,No,6.22,2.65,6.19,6.82,7,9.2,48,Yes,2.27,No,1,40K-60K,6.72,5.86,0,"As a 45-year-old male working in customer support in Brazil, I often feel overwhelmed by the demands of my job, leading to high stress levels and a burnout risk that's difficult to manage. Despite having some physical activity and a decent commute time, I struggle to maintain a healthy sleep schedule, which exacerbates my job dissatisfaction and overall wellbeing. Regular interactions with a supportive manager, access to mental health support, and a relatively good salary range are some positives, but they don't seem to be enough to offset the toll of my job on my mental and physical health."
57,Non-binary,Canada,Customer Support,1,46,Hybrid,7.68,9.65,6.89,2.27,6.4,5.2,27,No,4.46,No,0,<40K,8.27,2.8,1,Working in a Customer Support role while having an unbalanced work-life situation affects my overall wellbeing. The high stress levels and long commute time take a toll on my mental and physical health. A hybrid remote work setup with high job satisfaction and a relatively good work-life balance score is overshadowed by the significant burnout and lack of mental health support.
37,Prefer not to say,Australia,Customer Support,5,54,No,6.83,9.17,1.39,6.45,4.9,5.8,93,No,9.21,Yes,5,80K-100K,8.1,8.97,0,"Working as a customer support in a physically demanding job with long work hours of 54 hours a week in Australia takes a toll on my wellbeing. With high burnout levels of 6.83 and very low sleep hours of 4.9 a day, I often feel exhausted and drained. Despite my good job satisfaction and manager support, the high stress levels and lack of work-life balance make it challenging to maintain my overall wellbeing."
48,Prefer not to say,India,Customer Support,20,51,Yes,7.52,6.54,7.1,1.86,6.8,3.5,27,No,6.89,Yes,3,<40K,5.02,2.51,1,"As a customer support employee in India, I'm consistently feeling overwhelmed by high stress levels and experiencing burnout, but my work-life balance is somehow manageable despite working 51 hours a week. My job satisfaction is somewhat compromised due to burnout and the fact that I'm already 7 years into burnout, yet I do appreciate the manager's support, which keeps me somewhat motivated. Overall, my mental health struggles take a toll, and I often have to take unscheduled days off to recover, all while struggling with very little career growth."
46,Male,India,Data Scientist,9,53,No,1.36,6.54,7.13,2.01,4.5,1.9,19,Yes,9.46,Yes,4,80K-100K,3.83,8.52,0,"As a 46-year-old male data scientist working in India, I feel burnt out due to high stress levels and the grueling 53 hours of work per week, but the supportive manager and access to therapy help alleviate my concerns. Despite the poor work-life balance, I'm satisfied with my job and feel a sense of career growth, which motivates me to continue. The long daily commute and insufficient sleep (only 4.5 hours per day) take a toll on my physical and mental well-being."
54,Non-binary,Brazil,Data Scientist,17,32,Yes,4.94,5.46,2.59,8.28,8.7,7.4,13,No,4.5,Yes,5,100K+,10,2.93,0,"As a 54-year-old non-binary data scientist working remotely from Brazil, feeling moderately stressed but with a high job satisfaction rate, I'm grateful for having a good work-life balance that allows me to sleep in and exercise regularly. Despite being with the same company for 17 years, some high levels of burnout and a moderate manager support score have been impacting my overall wellbeing, especially with the lack of mental health support."
41,Non-binary,India,Data Scientist,17,52,No,4.43,5.25,2.44,9.95,4.2,1,95,Yes,7.36,Yes,9,80K-100K,5.89,4.1,0,"As a 41-year-old non-binary data scientist in India, I feel consistently overwhelmed and exhausted from working 52 hours a week without remote flexibility, leading to severe burnout. Despite having access to excellent mental health support and therapy, constant stress and pressure to maintain high productivity scores take a toll on my sleep and physical activity, negatively impacting my overall wellbeing. Although my job satisfaction is high, the strain of my job and demanding manager expectations weigh heavily on my mind, making me question the value of my career growth and work-life balance."
28,Non-binary,USA,Data Scientist,3,57,Yes,9.2,9.25,6.7,7.03,7.4,9.7,94,No,2.19,Yes,8,40K-60K,9.88,8.86,1,"As a non-binary 28-year-old Data Scientist in the USA, I've found a balance between work and personal life, thanks to my 57-hour workweek being flexible enough to accommodate remote work. Despite high stress levels and an unusually high burnout level, my manager's support has been poor, which adds to my overall dissatisfaction. I still manage to maintain a decent productivity score and engage in regular physical activity, but it's clear that my work-life balance needs further improvement and better management support is essential."
22,Female,USA,Data Scientist,14,48,No,3.69,1.08,8.04,6.85,8.8,7.4,12,No,4.58,No,8,40K-60K,9.45,6.9,0,"As a 22-year-old female Data Scientist in the USA, working 48 hours a week with no remote option, I often feel overwhelmed and exhausted due to extremely high stress levels and a moderate to high risk of burnout. Despite having relatively good physical health, thanks to my regular 7.4 hours of physical activity, I struggle to find time for restful sleep and often feel drained. The lack of manager support, mental health resources, and therapy access exacerbates my stress and affects my overall wellbeing, but my excellent work-life balance and career growth prospects bring me some level of satisfaction."
30,Male,India,Data Scientist,8,54,Yes,7.06,2.28,5.05,6.33,4.1,0.8,45,Yes,5.4,Yes,4,60K-80K,7.24,5.67,1,"As a Data Scientist in India, I'm consistently working 54 hours a week from home, which has taken a toll on my wellbeing, leading to high stress levels and a burnout that's affecting my job satisfaction. Despite having support from my manager and access to therapy, I'm struggling to maintain a healthy work-life balance due to my demanding job and lack of physical activity, which is causing me to feel burnt out every day. With only 4.1 hours of sleep each day and an extremely low physical activity level, I feel exhausted and unable to cope with the pressures of my job, affecting my overall wellbeing."
42,Female,UK,Data Scientist,2,44,Hybrid,8.84,6.81,6.01,8.62,7.7,1.2,53,No,8.81,No,1,40K-60K,9.42,3.23,1,"As a female data scientist, I'm constantly feeling overwhelmed with high stress levels and immense workload, mainly due to my long commute times and lack of physical activity in my daily life, which further adds to my burnout risk. Despite my excellent work-life balance at home, I'm struggling to find time for self-care and mental well-being amidst the demands of my hybrid job and high productivity expectations. My overall job satisfaction is somewhat compromised due to inadequate support from my manager and limited access to mental health resources."
53,Male,Canada,Data Scientist,10,59,Hybrid,7.52,2.6,5.48,1.99,7.6,1.4,2,Yes,9.62,Yes,4,<40K,4.07,7.68,1,"Working as a Data Scientist in Canada for a decade has taken a toll on my wellbeing, with high burnout levels and stress that makes it difficult to balance work and life outside of the office. Despite a hybrid remote work schedule, the long hours spent on the job seem relentless, leaving me with little time to engage in physical activities or prioritize my sleep. The lack of financial satisfaction and strained work-life balance have led to mental health days off and a deep desire for better career growth opportunities."
41,Non-binary,Germany,Data Scientist,10,32,Yes,9.25,6.62,5.71,8.41,7.3,1.3,37,Yes,8.39,No,3,40K-60K,4.97,3.58,1,"As a data scientist in Germany, I feel consistently exhausted from working 32 hours a week due to high stress levels, which is affecting not only my productivity but also my mental health. Despite having a supportive manager and remote work flexibility, I feel burnt out and struggle to maintain a work-life balance, often feeling drained after just 7.3 hours of sleep each night. The lack of access to therapy and minimal opportunity for career growth adds to my stress, leaving me questioning whether my job is truly beneficial for my overall wellbeing."
58,Non-binary,Germany,Data Scientist,1,40,Hybrid,9.89,3.28,6.44,5.66,7.8,4.7,99,Yes,1.85,Yes,2,<40K,6.54,4.54,1,"As a non-binary data scientist in Germany, I feel overwhelmed by my high stress levels and burnout, which have significantly affected my work-life balance. Despite having some support from my manager and access to therapy, my job satisfaction is struggling due to a demanding workload and limited career growth opportunities. The hybrid work arrangement provides flexibility, but I often find myself working long hours, leading to inadequate sleep and impacting my overall wellbeing."
26,Female,Brazil,Data Scientist,17,52,Yes,5.89,4.74,4.24,1.55,6.5,6.5,61,No,1.06,Yes,3,100K+,4.26,3.32,0,"As a 26-year-old female data scientist in Brazil, I feel overwhelmed by the high stress levels at work, which are exacerbated by my 52-hour workweek and long remote commute time of over an hour. The lack of support from my manager, combined with the absence of mental health resources available at the office, has taken a toll on my wellbeing and led to significant burnout. Despite enjoying my job and good physical activity habits, the long work hours and little time for rest have left me with only 6.5 hours of sleep each day, impacting my daily life balance."
56,Non-binary,Canada,Data Scientist,7,54,No,9.96,2.48,1.94,8.36,8.7,2.1,70,Yes,4.88,Yes,3,<40K,3.04,3.51,1,"As a data scientist in Canada, I'm constantly overwhelmed by work commitments, leading to excessive stress levels of 1.94 out of 10 and a severe burnout of 9.96 out of 10, making it difficult for me to strike a balance between my job and personal life. My low job satisfaction of 2.48 out of 10 only adds to my overall wellbeing concerns, making me uncertain about my future career prospects and happiness. Despite having access to mental health support and therapy, my grueling 54-hour workweeks and lengthy 70-minute commutes are taking a significant toll on my physical and mental wellbeing."
39,Prefer not to say,Brazil,Data Scientist,5,33,Hybrid,8.1,2.3,5.59,4.44,4.3,9.1,97,Yes,7.28,Yes,4,40K-60K,7.2,4.34,1,"As a data scientist working in Brazil, I feel overwhelmed by the high stress levels associated with my job, which is impacting my overall wellbeing. Despite having some mental health support and access to therapy, I often find myself taking more mental health days due to burnout, and my job satisfaction is unfortunately at an all-time low. I'm trying to maintain some balance despite having a relatively long commute and long work hours, but it's a constant struggle to manage my workload and maintain my physical and mental health."
23,Male,Australia,Data Scientist,15,56,No,9.8,5.93,9.11,1.94,8.1,8.7,119,No,2.87,No,6,60K-80K,6.7,8.3,1,"As a 23-year-old male data scientist in Australia, working a demanding 56-hour week at a job he's held for 15 years, I often feel overwhelming stress levels and a deep-seated dissatisfaction with my role. My long commute and lack of remote work options contribute to the burnout that sets in when I'm not even thinking about work, like during my limited 8.1 hours of sleep per night or 8.7 hours of physical activity each week. Constantly being pulled away from a healthy work-life balance and struggling to find support from my manager makes it feel like I'm stuck in a never-ending cycle of exhaustion."
50,Male,Australia,Data Scientist,13,46,Yes,9.34,9.58,6.76,3.23,6,6.9,1,No,1.14,No,1,80K-100K,6.13,7.91,1,"As a 50-year-old data scientist in Australia, I've been experiencing a significant strain on my mental health due to the high stress levels and excessive burnout risk, which is affecting my overall wellbeing in the workplace. Working remotely with a demanding role has not provided the necessary balance, and although my salary range and job satisfaction are good, the lack of manager support and mental health resources has left me struggling to cope. With a burnout level of 9.34 and only averaging 6 hours of sleep, it's clear that my current work environment is taking a toll on my health and wellbeing."
53,Female,Germany,HR Specialist,13,37,Hybrid,5.22,7.26,8.56,6.8,4.1,3.1,43,Yes,9.3,Yes,5,40K-60K,9.38,1.6,0,"As an HR Specialist in Germany, I'm struggling to maintain a decent work-life balance with my demanding job that requires me to be present in the office for 37 hours a week, coupled with a 43-minute daily commute. Despite having excellent manager support and access to mental health resources, my high stress levels and lack of career growth opportunities are starting to take a toll on my overall wellbeing. I'm constantly exhausted, averaging only 4.1 hours of sleep per night, and my physical activities are limited due to my busy schedule."
51,Female,Germany,HR Specialist,5,47,Yes,4.19,6.31,8.8,9.7,5.6,9.1,85,Yes,2.94,Yes,0,80K-100K,2.4,4.74,0,"As an HR Specialist, I often find myself overwhelmed by work responsibilities, resulting in persistent high stress levels that affect my overall well-being. Despite having access to mental health support and therapy, the demanding 47-hour workweek, along with an 85-minute daily commute, has led to chronic fatigue and a poor work-life balance. With an already stressful job, I sometimes struggle to find time for myself and engage in regular physical activities, further compromising my overall wellbeing."
36,Non-binary,Germany,HR Specialist,8,37,Hybrid,4.93,4.37,6.96,7.44,7.7,9.3,106,Yes,7.33,Yes,0,40K-60K,1.99,4.79,0,"As an HR Specialist in Germany, I find myself constantly overwhelmed by the demands of my 8-year tenure, resulting in severe burnout and unrelenting stress levels that negatively impact my 7.7 hours of daily sleep and overall productivity. Despite having a hybrid remote work setup, my lengthy 37-hours workweek and 106-minute commute time make attaining a perfect work-life balance a pipedream, leading to feelings of dissatisfaction and exhaustion. Fortunately, my supportive manager and access to mental health resources provide a glimmer of hope, but it's a constant struggle to find equilibrium in my high-stress, 6.96-level job."
33,Prefer not to say,Australia,HR Specialist,9,33,Yes,6.85,5.54,8.63,8.43,5.4,2.2,82,No,7.72,Yes,2,100K+,8.28,9.02,0,"As an HR Specialist working from home in Australia, I feel like I'm constantly on edge due to the extremely high stress levels and the impact it has on my overall wellbeing. Despite having access to therapy and a supportive manager, the long work hours and poor sleep schedule take a significant toll, making it difficult to maintain a healthy work-life balance. The physical demands of my role and lack of face-to-face interaction with colleagues exacerbate my burnout, which affects my job satisfaction and overall productivity."
39,Prefer not to say,India,HR Specialist,18,38,Yes,8.97,2.54,3,4.19,6.1,1,40,Yes,4.49,Yes,2,40K-60K,4.5,6.19,1,"As an HR Specialist working remotely in India, I feel overwhelmed by the heavy workload and long working hours, often leaving me with just 6 hours of sleep each night. Despite having access to mental health support and my manager's excellent guidance, I still experience a high burnout level and struggle to maintain a balance between work and life due to the demanding 38-hour workweeks. The limited time for physical activity and a 40-minute commute add to my overall stress, making it challenging for me to find satisfaction in my job and enjoy my personal life."
27,Male,Canada,HR Specialist,9,37,Hybrid,8.72,7.86,7.06,4.76,6.1,6.3,45,Yes,7.61,Yes,2,100K+,6.73,9.98,1,"As an HR Specialist in Canada, I often feel drained and exhausted due to the high burnout level and long work hours, which take a toll on my mental health and overall wellbeing. I appreciate the support from my manager and the company's provision of mental health resources, such as access to therapy, but it's not enough to help me cope with the stress and pressure of my job. Despite the good career growth opportunities, I struggle to maintain a healthy work-life balance, resulting in poor sleep quality and reduced productivity."
59,Male,UK,HR Specialist,4,41,Yes,1.4,6.02,8.57,7.01,8.4,3.5,16,No,9.57,Yes,7,100K+,9.36,3.61,0,"As an HR Specialist, I feel overwhelmed by the high stress levels, which are taking a toll on my wellbeing, but I'm fortunate to have manager support that's truly exceptional. Despite this, I'm dealing with burnout issues and could be at risk of experiencing more, which is affecting my overall quality of life and my productivity score. When I'm not at work, I'm trying to prioritize my wellbeing by getting enough sleep and engaging in physical activity, but the constant pressure to maintain a high job satisfaction amidst the demands of my role is a challenge."
31,Prefer not to say,Brazil,HR Specialist,7,49,Hybrid,7.93,7.43,8.76,4.24,7.1,3.2,88,Yes,6.92,Yes,3,40K-60K,3.49,7.2,1,"As an HR Specialist in Brazil, working 49 hours a week can be emotionally draining, often leading to significant stress levels that impact their overall wellbeing. Their lack of physical activity and sleep, with only 7.1 hours of sleep per day and 3.2 hours of physical activity, further contribute to their burnout and decreased job satisfaction. Despite having access to mental health support and a supportive manager, their high stress levels and burnout symptoms often force them to take time off, affecting their work-life balance and overall wellbeing."
25,Male,Germany,HR Specialist,20,41,Yes,5.98,1.75,5.71,1.23,6.8,8.8,17,Yes,3.06,No,4,100K+,1.1,7.22,0,"As an HR Specialist in Germany, I often feel overwhelmed by the 41-hour workweek and the lack of a healthy work-life balance, resulting in a constant high stress level that affects my productivity. Despite having access to mental health support, I struggle to cope with the burnout that has become a persistent issue, taking a toll on my overall wellbeing. The lengthy 17-minute commute time and limited therapy access exacerbate the problem, leaving me feeling drained and disconnected from my job."
56,Prefer not to say,Germany,HR Specialist,9,40,Yes,9.05,7.76,4.73,2.18,5.9,3.6,85,No,4.36,Yes,3,80K-100K,4.57,9.5,1,"As an HR Specialist in Germany, I often feel overwhelmed by my demanding job, which is reflected in my high burnout level and stress levels. Despite having access to therapy, I sometimes struggle to balance work and personal life, leading to insufficient sleep and minimal physical activity. However, my remote work schedule and supportive manager help mitigate some of the stress, although I worry about the impact of prolonged burnout on my long-term career growth."
42,Non-binary,Canada,HR Specialist,7,39,No,9.77,3,1.12,3.7,4.4,7.7,65,No,5.56,Yes,5,60K-80K,1.2,7.42,1,"As an HR Specialist, I feel like I'm stuck in a never-ending cycle of burnout and exhaustion due to my demanding 39-hour workweeks and lack of work-life balance. My stress levels remain high, despite managing to squeeze in some physical activity, and my limited sleep hours only exacerbate the issue. My job satisfaction is low, and I'm feeling suffocated by my workload, making me wonder if I'm truly making progress in my career."
26,Male,USA,HR Specialist,12,51,Hybrid,9.37,9.32,4.18,2.94,7.7,9.5,64,Yes,9.34,Yes,0,80K-100K,6.47,9.09,1,"As an HR Specialist working 51 hours a week, I often feel overwhelmed by the constant pressure, leading to significantly high burnout levels despite having excellent managerial support and access to therapy. My job satisfaction remains remarkably high, contradicting the high stress levels and long commute time that can take up to an hour each way. On some days, I struggle to maintain a healthy work-life balance, forcing me to compromise on daily sleep hours but still finding time for regular physical activity."
37,Male,Brazil,HR Specialist,13,35,No,3.5,3.39,6.68,9.11,7.1,0.7,96,Yes,6.5,Yes,8,80K-100K,6.54,2.18,0,"As an HR Specialist living in Brazil, I feel overwhelmed by the high stress levels at my workplace, which significantly contribute to my 3.5 out of 10 burnout level. Long work hours and an arduous 96-minute commute have taken a toll on my mental and physical wellbeing, despite having a decent salary range of $80,000 to $100,000. However, I feel fortunate to have access to therapy and mental health support, which helps me cope with the pressure of my job and maintain a meager 7.1 hours of sleep each night."
24,Prefer not to say,Brazil,HR Specialist,20,45,Yes,2.62,8.52,4.36,6.76,7.1,3.7,65,No,1.18,Yes,3,60K-80K,4.33,3.23,0,"As an HR Specialist in Brazil, I feel a moderate level of stress due to my demanding work schedule of 45 hours per week, which includes a long daily commute of 65 minutes. Despite having a relatively high salary range of 60K-80K, my mental health is affected by the lack of support from my manager, resulting in occasional burnout days. The flexibility of remote work and access to therapy help mitigate some of these challenges, but I still struggle to achieve a better work-life balance and career growth opportunities."
43,Non-binary,USA,HR Specialist,7,44,Yes,7.66,4.14,7.61,2.15,7.9,4.3,36,No,2.54,Yes,7,80K-100K,3.79,4.66,1,"As an HR Specialist working in the USA, I often feel overwhelmed by the high stress levels and long work hours, which can be challenging to balance with my 7.9 hours of sleep each day. This burnout is exacerbated by the lack of support from my manager and the absence of mental health support at work, leaving me feeling uncertain about my well-being. Despite having access to therapy, my work-life balance score of 3.79 and productivity score of 2.15 indicate that I may be struggling to find a sustainable balance between my job and personal life."
45,Male,Australia,IT Admin,13,50,No,8.67,7.14,7.51,4.99,5.1,3.1,57,No,5.49,No,1,80K-100K,8.84,7.21,1,"Working over 50 hours a week in the IT Admin role feels overwhelming, causing a high level of burnout and stress that significantly impacts my overall wellbeing. Despite having a relatively good balance between work and life, my limited sleep hours and long commute time add to my daily struggle. The lack of mental health support and therapy access further exacerbates my burnout, making it difficult to maintain a good level of wellbeing."
24,Female,India,IT Admin,3,35,Yes,7.46,5.74,1.48,6.89,5.4,6.4,61,No,3.43,Yes,4,60K-80K,2.27,5.9,1,"As a 24-year-old IT Admin in India, I often feel overwhelmed by my remote work setup, particularly when my work hours exceed 35 hours a week, and I struggle to disconnect from work-life due to the lack of work-life balance. My high stress levels, which I experience frequently, negatively impact my ability to sleep and engage in physical activity, further exacerbating my burnout risk and decreasing my overall job satisfaction. Despite having access to therapy, I often feel unsupported by my manager, which contributes to the rising burnout levels and affects my productivity score."
46,Female,Brazil,IT Admin,5,32,No,4.02,7.65,6.98,8.79,6.3,5.2,20,No,5.3,Yes,0,<40K,8.22,4.27,0,"As a 46-year-old female IT Admin working in Brazil, I feel overwhelmed by the high stress levels and significant burnout risk in my 5-year-old job, which takes up 32 hours of my week and has no remote work option, affecting my overall wellbeing. I often struggle to maintain a balance between work and personal life due to the long daily commute and lack of mental health support, which exacerbates my poor work-life balance score. Despite having access to therapy, I still feel undervalued in my position, with a low career growth score, contributing to my overall sense of burnout."
29,Female,Germany,IT Admin,13,48,Hybrid,6.13,3.49,7.39,3.12,8.5,4.6,30,No,3.53,Yes,9,<40K,7.51,9.94,0,"As a 29-year-old female IT Admin in Germany, I often feel overwhelmed and exhausted due to the high burnout level and stress that comes with working 48 hours a week and lacking sufficient mental health support at my job. Despite having access to therapy, the pressure to meet expectations weighs heavily on me, especially since my job satisfaction is relatively low. With an unbalanced work schedule and long commute times, it's challenging to achieve a better work-life balance and make time for personal activities that bring me joy and fulfillment."
33,Male,Australia,IT Admin,12,50,Hybrid,5.2,7.56,8.41,8.3,7.8,2.6,90,No,1.33,Yes,3,100K+,4.78,2.39,0,"As a 33-year-old IT Admin in Australia, I feel overwhelmed with constant high stress levels, which negatively impact my overall wellbeing and cause burnout, making it challenging for me to maintain a healthy work-life balance. Despite having therapy access and a decent salary, I struggle with feeling unsupported by my manager, leading to increased stress, and I frequently find myself off work due to mental health reasons. My long commute, hybrid work schedule, and lack of mental health support at work leave me feeling drained, making it difficult for me to enjoy my job and find satisfaction in my role."
46,Non-binary,Brazil,IT Admin,12,36,Yes,2.83,9.15,2.98,5.32,7.2,0.6,41,No,7.34,No,5,80K-100K,4.5,3.73,0,"As a non-binary IT admin working remotely in Brazil, I feel a moderate level of stress at work, partly due to my long commute and lack of balance between my professional and personal life. Despite the high salary and good support from my manager, the pressure to perform well in my 36-hour workweek leaves me feeling fatigued, which can be detrimental to my overall wellbeing. Although I'm highly satisfied with my job, the absence of mental health support and access to therapy exacerbates the burnout risk I face daily."
52,Prefer not to say,Brazil,IT Admin,17,36,Hybrid,3.23,2.5,6.41,4.51,5.3,1.1,91,Yes,6.33,No,9,100K+,9.59,7.03,0,"As an IT Admin working for 17 years with a hybrid remote setup, I can feel the immense pressure weighing down on me due to excessively high levels of stress and burnout, which has taken a toll on my work-life balance. The long 36-hour workweek and arduous commute time of 91 minutes further exacerbate my mental health concerns, but fortunately, my company offers mental health support. Despite this, I still struggle to find time for physical activity and decent sleep, which is reflected in my low productivity and overall job satisfaction."
31,Non-binary,India,IT Admin,12,41,Hybrid,5.38,4.32,6.65,7.16,5.9,6.8,58,Yes,5.41,Yes,0,80K-100K,2.03,2,0,"As a non-binary IT admin in India, I feel consistently overwhelmed by the demanding 41-hour workweek and hybrid remote schedule that often blurs the lines between work and personal life. Despite having access to mental health support and therapy, I'm experiencing severe burnout at a level of 5.38, which is severely impacting my ability to manage stress effectively. The lack of work-life balance and career growth opportunities is evident in my low scores of 2.03 and 2.0, making it challenging to maintain a positive job satisfaction level despite a decent salary range of 80K-100K."
29,Non-binary,Brazil,IT Admin,13,53,Yes,9.71,7.31,3.04,4.19,7.7,2.4,91,Yes,3.37,Yes,5,80K-100K,5.85,4.56,1,"As an IT Admin in Brazil, I'm struggling to maintain a healthy work-life balance due to consistently long work hours and excessive stress levels, leaving me feeling burnt out most of the time. Working remotely provides some flexibility, but the high stress and burnout risk, coupled with limited manager support and therapy access, make it difficult for me to prioritize my mental health and overall wellbeing. Despite a relatively high salary, the constant pressure to meet tight deadlines and the lack of work-life balance are taking a significant toll on my physical and mental health."
42,Female,Canada,IT Admin,6,59,Hybrid,5.46,1.47,1.23,7.85,7.6,2.3,114,Yes,1.72,No,4,100K+,4.05,4.17,0,"Working as an IT Admin in a Canadian company has led to elevated levels of burnout and stress, indicating a struggle to maintain a healthy work-life balance. Despite having a hybrid remote work arrangement, the combination of a 59-hour workweek and long commute time of over two hours adds to my overall sense of exhaustion. Fortunately, I have access to manager support, although I wish therapy sessions were available to me, which could further alleviate my mental health concerns."
50,Female,UK,IT Admin,2,46,Hybrid,5.84,1.7,6.94,9.93,7.8,1.4,27,No,5.44,No,7,80K-100K,1.28,2.04,0,"As a 50-year-old IT admin working hybrid hours in the UK, I feel overwhelmed due to the high stress levels (6.94) and severe burnout (5.84) that have become a regular occurrence in my daily work life. My long commutes, lack of adequate sleep (7.8 hours per day), and limited physical activity (1.4 hours) contribute significantly to my poor work-life balance and increased burnout risk. To make matters worse, I feel like my job satisfaction is extremely low (1.7) and I have little to no support from my manager (5.44) or access to mental health resources."
50,Prefer not to say,Brazil,IT Admin,10,38,Yes,2.37,5.02,8.96,9.35,7.6,6.8,102,Yes,3.44,No,6,100K+,3.44,8.2,0,"As an IT Admin, I feel overwhelmed with high stress levels at my job, which affects my overall wellbeing and leads to burnout despite having a supportive manager who understands my limitations. Working from home has its advantages, but with a 38-hour workweek and a long commute, work-life balance is a challenge. Despite my job satisfaction being relatively high, the burnout risk looms over me due to my demanding work schedule and lack of mental health resources."
25,Female,Brazil,IT Admin,15,31,Hybrid,9.03,1.46,9.17,7.61,8.4,4,86,Yes,1.55,No,1,<40K,7.95,4.52,1,"As an IT Admin in Brazil, I often feel overwhelmed by the high stress levels in my role, which contributes to feeling burnt out more than half the time, making it challenging to maintain a healthy work-life balance despite having flexible hybrid remote work options. The long commute time and demanding 31-hour workweek exacerbate my stress and impact my overall productivity, which affects my job satisfaction. Although I have access to mental health support from my manager, the lack of therapy access and limited career growth opportunities further strain my wellbeing, leaving me feeling uncertain about my future within the company."
38,Male,UK,IT Admin,15,59,No,4.21,8.71,3.8,9.83,8.8,0.2,56,No,4.28,No,4,40K-60K,6.77,1.18,0,"As an 38-year-old IT Admin living in the UK, I feel constantly worn down due to the long hours and high stress levels, often leaving me feeling drained and exhausted. Despite my job satisfaction being relatively high, the constant pressure has led to severe burnout and a lack of work-life balance, taking a significant toll on my overall wellbeing. The absence of mental health support, therapy access, and manager support exacerbates my situation, making it difficult for me to cope and recover from its negative effects."
22,Prefer not to say,UK,IT Admin,19,48,Hybrid,9.76,1.27,2.04,3.88,4.5,3.6,105,Yes,6.01,Yes,3,40K-60K,3.28,6.82,1,"As an IT Admin, working 48 hours a week and having a commute time of 105 minutes, I'm consistently exhausted and struggling with high burnout levels, which significantly affect my stress levels and overall job satisfaction. Despite having access to mental health support and a good manager, the long work hours and poor work-life balance leave me feeling drained and demotivated. My productivity and physical activity levels have taken a hit due to my grueling schedule, but the support system in place helps alleviate some stress."
36,Female,UK,Marketing Manager,5,36,No,7.11,3.78,8.71,5.14,7.4,10,82,No,5.66,No,5,100K+,9.88,3.8,1,"As a 36-year-old Marketing Manager in the UK, I'm struggling to cope with the demanding 36-hour workweek and lengthy 82-minute commute, resulting in extreme stress levels that leave me feeling drained. Despite my decent physical activity, I feel burned out most of the time, barely managing to squeeze in 7.4 hours of sleep each night and taking 5 mental health days off in the past period. A complete lack of mental health support and limited access to therapy have left me questioning my job satisfaction and feeling stifled by the lack of career growth opportunities."
44,Prefer not to say,UK,Marketing Manager,6,58,No,2.83,8.05,9.96,3.86,7.7,6.9,48,No,2.56,Yes,4,100K+,8.37,3.16,0,"As a marketing manager in the UK, I feel exhausted and burnt out due to the extremely high stress levels and demanding 58-hour workweek. Despite a relatively good work-life balance and decent manager support, I still struggle with feelings of exhaustion every day, which is compounded by a long 48-minute commute. The pressure of this high-stress job takes a toll on my mental health, and although I have access to therapy, I still need to take four mental health days off annually."
49,Male,Australia,Marketing Manager,5,57,Yes,7.16,4.36,4.32,3.14,4.4,8.3,26,No,2.06,No,8,100K+,7.74,4.3,1,"As a Marketing Manager in Australia, I've been feeling overwhelmed with work pressures, resulting in a substantial burnout level and excessive stress, which have negatively impacted my overall wellbeing. Despite a decent amount of physical activity, lack of support from my manager and no access to therapy have exacerbated the situation, making it challenging to maintain a healthy work-life balance. With a job satisfaction score that's merely average, I often find myself struggling to cope with the high demands of my remote job that takes up more than 55 hours a week."
33,Prefer not to say,Canada,Marketing Manager,7,45,Yes,9.34,1.4,7.83,5.53,6.2,7.1,13,No,3.19,Yes,8,80K-100K,3.64,8.76,1,"As a marketing manager in Canada, I'm consistently struggling to manage my stress levels and feel overwhelmed, which affects my job satisfaction and overall wellbeing. Despite having access to therapy and a supportive manager, I'm unable to find a balance between work and personal life, often leading to burnout. The long commute time and limited physical activity also contribute to my poor wellbeing, making it challenging to maintain a healthy work-life balance and find meaning in my role."
30,Female,India,Marketing Manager,14,54,Yes,2.02,2.84,9.45,3.95,8.7,7.6,22,No,8.46,No,8,40K-60K,2.47,7.04,0,"As a marketing manager in India, I often find myself overwhelmed by the 54 hours I spend at work each week, leading to chronic stress levels that make it difficult to enjoy my days off. Despite having a supportive manager, I haven't been able to achieve a work-life balance and find myself exhausted, both physically and mentally. Unfortunately, I don't have access to mental health support, adding to my sense of isolation and making it harder to cope with the stress of my high-stress job."
34,Prefer not to say,UK,Marketing Manager,7,35,No,6.22,2.98,7.36,8.86,6.2,1.6,32,No,2.44,No,4,100K+,9.74,6.73,0,"As a Marketing Manager in the UK, I'm constantly plagued by high stress levels, which not only affect my job satisfaction but also my overall wellbeing, making it challenging to maintain a good work-life balance despite working 35 hours a week. With only 6.2 hours of sleep each day, I often struggle to cope with the pressure, and it seems like my manager is not providing enough support, leaving me feeling isolated and burnt out. My physical activity level is also concerning, and the lack of access to mental health support makes it difficult for me to recover from the emotional toll of my job."
31,Non-binary,Brazil,Marketing Manager,5,35,Yes,1.33,6.86,5.56,8.72,5.2,1.6,99,Yes,9.96,No,6,<40K,3.07,5.81,0,"As a marketing manager in Brazil, I've come to realize that the constant demands of my role have taken a significant toll on my mental and emotional state. The 35-hour workweek might seem manageable, but with the pressure to perform at a high level, I often find myself feeling burnt out, especially considering my relatively low pay. Despite having the flexibility of remote work, my poor work-life balance is a persistent concern, further exacerbated by long commutes and inadequate sleep."
47,Male,India,Marketing Manager,17,51,No,1.64,2.41,1.56,8.16,8.7,3.2,108,No,7.93,No,9,100K+,9.12,1.37,0,"As a 47-year-old marketing manager in India, I feel deeply burnt out from my long 51-hour workweeks and lack of remote work flexibility, leaving me with barely enough energy to sustain my daily activities despite getting 8.7 hours of sleep. My job satisfaction is at an all-time low due to the relentless stress I experience daily, impacting my overall wellbeing and forcing me to take 9 days off for mental health. Despite having a supportive manager, the absence of mental health support and therapy resources worsens my situation, affecting not only my personal but also my professional growth and productivity."
33,Female,USA,Marketing Manager,4,34,Yes,1.11,1.54,2.67,1.32,6.6,5,90,No,2.65,No,3,<40K,1.92,6.55,0,"As a Marketing Manager in the USA, I've been working remotely for 4 years and have consistently clocked over 30 hours a week, leading to high stress levels that I'm struggling to manage. My poor sleep quality and lack of physical activity are taking a toll on my overall wellbeing, making it challenging to achieve a better work-life balance. Despite my job satisfaction being moderately high, the stress and burnout I'm experiencing are a significant concern that my company needs to address urgently."
28,Prefer not to say,Germany,Marketing Manager,7,46,No,8.81,3.97,8.43,5.27,7.7,6.8,66,No,1.33,Yes,3,60K-80K,2.14,7.77,1,"As a marketing manager in Germany, I often feel overwhelmed and exhausted due to the high stress levels and long work hours, which have resulted in a significant burnout risk. I struggle to achieve a good work-life balance and have noticed a decline in my productivity, likely due to the high pressure I'm under. The lack of support from my manager and limited access to mental health support make me feel unvalued and unsupported, making it challenging for me to cope with my burnout and maintain my overall wellbeing."
56,Female,India,Marketing Manager,6,49,No,1.29,3.28,5.32,3.87,7.8,2.5,18,Yes,7.17,Yes,7,80K-100K,1.77,2.35,0,"As a 56-year-old female Marketing Manager in India, I often feel stressed due to long working hours and excessive workload. Despite having some form of mental health support available, I still experience high levels of burnout, taking 7 mental health days off this year, and my overall wellbeing seems to be suffering. However, having access to therapy and a relatively high income, along with manager support, seems to mitigate my stress levels and contribute to some level of job satisfaction."
37,Male,Germany,Marketing Manager,16,42,Hybrid,6.83,8.38,4.21,7.95,6.5,5.8,47,Yes,9.93,No,4,60K-80K,3.31,3.47,0,"As a 37-year-old Marketing Manager in Germany, I feel consistently drained due to extremely high workload hours and an exhausting 42-hour workweek, which has led to chronic stress levels that have significantly impacted my wellbeing. Despite my decent salary range and supportive manager, the constant pressure and poor work-life balance have taken a toll on my mental health, causing me to prioritize long work hours over my personal well-being and physical fitness. I've reached a burnout risk and have used 4 mental health days off to cope with the stress, highlighting the need for better coping mechanisms and a healthier balance between work and life."
24,Male,USA,Marketing Manager,4,41,Hybrid,1.52,2.27,8.11,8.39,8.4,2.6,100,No,5.92,Yes,1,40K-60K,3.38,1.91,0,"As a Marketing Manager working 41 hours a week in the USA, I feel overwhelmed with extremely high stress levels that severely impact my wellbeing. Despite some support from my manager, I struggle to achieve a good balance between work and life, often sacrificing sleep and physical activity in the process. This burnout risk is evident, as I find myself taking mental health days off and seeking therapy, which has become essential to cope with my stressful work environment."
33,Male,USA,Marketing Manager,17,57,No,1.52,3.62,2.86,3.01,4.3,7.9,65,No,1.06,Yes,9,<40K,6.56,7.79,0,"As a Marketing Manager in the USA, I'm overwhelmed by the stress and pressure to constantly perform, often leaving me exhausted and burnt out at 33 years old after 17 years at the company. My long working hours and grueling commute cause significant strain on my mental and physical health, leading to sleep deprivation and insufficient time for physical activity. With limited support from my managers and an unstable work-life balance, it's a constant struggle to manage my wellbeing and maintain a sense of job satisfaction."
56,Prefer not to say,UK,Marketing Manager,20,48,Yes,2.66,1.63,5.2,7.32,6.2,3.1,85,No,9.18,Yes,6,<40K,4.78,4.37,0,"As a 56-year-old Marketing Manager in the UK, I feel overwhelmed with a high stress level of 5.2, which seems to be affecting my work-life balance despite having a decent 48 hours of work per week. The lack of mental health support, combined with a mere 6.2 hours of sleep each night, makes me worry about my overall wellbeing. Although I have therapy access and a supportive manager, the constant pressure to perform seems to be taking a toll on my mental health, evident from 6 mental health days off and a relatively low job satisfaction score of 1.63."
41,Non-binary,Canada,Project Manager,0,44,Hybrid,3.59,1.59,9.9,1.44,5.2,1.7,14,Yes,1.97,Yes,5,100K+,8.66,5.08,0,"As a non-binary Project Manager in Canada, I often find myself overwhelmed by the high level of stress at work, which makes it challenging to maintain a healthy work-life balance. Despite having access to mental health support and therapy, I've struggled with burnout, taking five days off throughout the year to recharge. While I have a good manager and decent salary, my low job satisfaction and productivity scores make me feel like I'm not living up to my full potential."
27,Prefer not to say,Canada,Project Manager,8,50,No,6.74,3.22,2.55,7.76,4.7,7.4,56,No,7.21,Yes,4,100K+,3.34,6.83,0,"As a 27-year-old project manager in Canada, I feel overwhelmed by the high stress levels and burnout, averaging 6.74 out of 10, which heavily impacts my overall wellbeing. Despite having access to therapy, I'm struggling with inadequate work-life balance, often resulting in just 4.7 hours of sleep and a mere 3.34 out of 10 score on work-life balance. Long work hours of 50 per week and a 56-minute commute time contribute to my high burnout risk and significantly affect my wellbeing."
34,Female,Australia,Project Manager,3,32,Yes,8.65,7.68,4.77,8.13,8.4,6.2,80,Yes,2.35,Yes,9,60K-80K,6.32,9.4,1,"As a female project manager in Australia, it's disheartening to experience high levels of burnout and stress at work, constantly weighing heavily on my overall wellbeing. Despite having access to mental health support and therapy, I'm finding it challenging to achieve a better work-life balance with long commute times and 32 hours of work per week. Feeling exhausted after 8.4 hours of sleep and limited physical activity suggests I'm barely scraping by, with my career growth and job satisfaction being the only rays of hope in my otherwise overwhelming job."
29,Prefer not to say,Australia,Project Manager,17,34,No,7.22,1.8,5.23,5.17,4.1,3.4,69,No,6.71,No,6,40K-60K,8.81,7.31,1,"As a project manager in Australia, I've been consistently feeling extremely burnt out from the intense 34-hour workweeks without a remote option, leading to a significant imbalance in my work and personal life. Despite a supportive manager, I struggle with high stress levels, limited sleep (averaging 4 hours each night) and minimal physical activity due to my exhausting work schedule. However, my manager's support has helped alleviate some stress, but I still need better access to mental health resources to prevent mental health days off, which I've taken six times already."
57,Male,Germany,Project Manager,15,57,No,4.6,5.72,1.45,9.42,7,8.3,43,No,1.14,Yes,6,60K-80K,3.17,4.06,0,"As a 57-year-old German project manager, I often feel overwhelmed by the high stress levels and demanding work schedule that leave me with limited time for myself and proper sleep. The constant long commute time of 43 minutes doesn't allow for a seamless work-life balance, but access to therapy and a decent salary provide a reassuring safety net for times of mental strain. Despite my high burnout risk, a supportive manager and adequate physical activity allow me to maintain productivity, though at the cost of job satisfaction, which is impacted by my long work hours and remote work absence."
45,Male,India,Project Manager,6,43,No,2.21,9.52,5.35,5.61,7.3,5.8,48,Yes,4.9,No,2,60K-80K,5.96,6.73,0,"As a 45-year-old male project manager in India working a demanding 43 hours a week, I often feel exhausted due to moderate stress levels, which can be overwhelming at times. Despite having excellent job satisfaction and access to manager support, I struggle to maintain a healthy work-life balance, often having just 7.3 hours of sleep and 2 mental health days off per month. Overall, my long daily commute and lack of therapy access exacerbate these challenges, leaving me questioning my high stress risk assessment despite my stable career growth and salary range."
49,Male,India,Project Manager,15,37,Hybrid,4.38,4.19,4.16,7.3,4,4.2,20,Yes,1.86,Yes,6,40K-60K,7.77,8.52,0,"As a 49-year-old project manager in India, I often struggle to find a balance between my demanding job and personal life, given my high stress levels and long commute times, which take a toll on my mental and physical wellbeing. Despite having access to therapy and a supportive manager, the pressure to deliver results in my high-stress role often leaves me feeling burnt out, affecting my overall job satisfaction. Although I enjoy a good work-life balance and have a relatively high salary, I wish I could better manage my workload and take more days off for my mental health, but my job requires my constant presence and attention."
29,Prefer not to say,India,Project Manager,18,37,Hybrid,2.32,6.31,7.39,3.08,4.2,5.5,41,No,8.71,Yes,5,100K+,9.8,1.61,0,"As a 29-year-old project manager in India, I feel overwhelmed with high stress levels and a burnout level that's slowly creeping up, affecting my overall wellbeing and causing me to sacrifice my sleep hours, leaving me with only 4.2 hours of daily sleep. Despite a hybrid work arrangement allowing some flexibility, my commute time is long, and the lack of mental health support, coupled with inadequate career growth opportunities, weighs heavily on my mind. However, having access to therapy and an understanding manager provides some comfort, yet it's not enough to offset the burnout and stress I experience in my role."
46,Non-binary,Australia,Project Manager,5,30,No,5.3,7.04,1.17,3.9,7.1,0.1,69,No,2.65,No,5,80K-100K,4.08,2.02,0,"As a 46-year-old non-binary Project Manager in Australia, I'm experiencing high stress levels and a 5.3 BurnoutLevel, which affects my overall wellbeing. I'm struggling to manage my workload, feeling a lack of ManagerSupport and having limited access to support systems, contributing to my current state of burnout. Despite having a decent WorkLifeBalanceScore and SalaryRange, I feel overwhelmed and burnt out, which is impacting my daily life, both physically and mentally."
40,Prefer not to say,Germany,Project Manager,12,31,No,3.57,1.55,2.72,6.88,5.7,5.5,5,No,6.02,No,4,40K-60K,5.74,3.26,0,"As a 40-year-old project manager from Germany, I feel chronically exhausted due to excessively long work hours and the absence of mental health support at work, which further aggravates my high burnout levels and frequent absence due to mental health issues. Unfortunately, my job satisfaction is at a low due to a lack of career growth opportunities, further strained by my 31-hour work week and limited breaks to engage in physical activities. With limited sleep and a high-stress work environment, my overall feeling is one of overwhelming exhaustion, hindered by the lack of support from management and the absence of access to therapy."
53,Female,UK,Project Manager,8,51,No,3.1,2.97,4.17,2.48,6.3,0.2,30,Yes,8.75,Yes,8,40K-60K,7.35,3.22,0,"As a 53-year-old female project manager in the UK, I have been feeling overwhelmed and exhausted from the demanding nature of my job, especially with a 30-minute daily commute and working 51 hours a week, causing a significant increase in my stress levels.

Due to the pressure and long working hours, I have been experiencing high burnout levels, which has negatively impacted my mental health and sleep, averaging only 6.3 hours of sleep per night. However, having access to therapy and excellent support from my manager has been a significant factor in helping me cope with my mental health, allowing me to take 8 mental health days off."
40,Prefer not to say,Canada,Project Manager,0,57,Yes,8.14,9.34,3.69,1.55,5,8.3,54,No,1.65,Yes,8,<40K,2.13,1.16,1,"As a project manager in Canada, consistently working 57 hours a week from home takes a toll on my wellbeing, with high burnout levels and stress that affects my overall job satisfaction and sleep schedule. Despite having access to therapy, I struggle to find a balance between my work and personal life due to a demanding job and lengthy commute. With limited financial compensation, I feel pressured to manage my workload effectively, which often results in feeling overwhelmed and burnt out, negatively impacting my productivity and wellbeing."
24,Prefer not to say,Germany,Project Manager,11,32,Hybrid,9.15,9.07,9.33,3.06,7,2.6,99,No,3.89,Yes,7,<40K,8.07,8.62,1,"As a project manager in Germany, I'm experiencing overwhelming stress levels that significantly affect my daily life, causing me to constantly feel burnt out despite having a decent work-life balance. My meager sleep and moderate physical activity levels are not enough to counteract the strain, and I often find myself sacrificing precious sleep hours to accommodate my demanding work schedule. Despite having access to therapy and an average manager support, the lack of mental health support within the company weighs heavily on me, making it difficult to manage my increasing burnout risk."
25,Non-binary,UK,Project Manager,15,57,Yes,9.59,7.64,2.23,8.64,8.4,3.1,69,No,7.56,No,6,100K+,7.64,7.02,1,"As a project manager at this UK-based company, I often feel overwhelmed due to the high stress levels and excessive burnout that's been lingering for years, which has taken a toll on my physical and mental health. Despite working remotely, the long hours of 57 per week leave me exhausted, and the lack of mental health support at work makes it difficult to cope with burnout. Although my job satisfaction is relatively high, the absence of proper care and resources makes me doubt my ability to maintain the current pace without compromising my wellbeing."
54,Non-binary,Germany,Project Manager,3,42,No,1.16,5.27,7.62,4.08,7.5,5.1,94,No,7.65,No,6,80K-100K,2.92,9.24,0,"As a project manager in Germany, I often feel drained and exhausted due to high stress levels, long work hours, and a grueling commute that's pushing my overall work-life balance to its limits. Despite having a good level of physical activity, getting only 7.5 hours of sleep per night and having to take 6 mental health days off, I'm not feeling the satisfaction and support I need to thrive in my role. With limited support from my manager and no access to therapy, I'm starting to feel the strain of burnout."
24,Non-binary,UK,Sales Associate,2,45,Yes,3.02,2.16,7.98,6.23,6.8,9.3,22,Yes,3.22,Yes,6,80K-100K,5.26,8.53,0,"As a non-binary sales associate in the UK, the constant stress of a demanding job and long commute time of 22 minutes has taken a toll on my overall wellbeing. Despite having access to mental health support and therapy, I find myself feeling burned out and struggling to maintain a balance between work and personal life. The long working hours of 45 per week and limited sleep of 6.8 hours daily contribute to my high burnout risk and poor job satisfaction."
25,Female,UK,Sales Associate,3,43,Yes,5.74,7.74,6.6,6.27,5.6,1.7,24,No,1.13,No,3,100K+,3.18,2.51,0,"As a sales associate working a 43-hour week with limited face-to-face interaction, I often struggle to find a balance between my work and personal life, resulting in high levels of stress and a significant burnout risk. Although I have access to a higher-than-average salary, I feel overwhelmed by the demands of my job and lack of support from my manager and the company for my mental health. The long commute time and inadequate sleep hours further exacerbate my feelings of burnout, making it challenging to maintain a sense of job satisfaction."
40,Non-binary,UK,Sales Associate,6,36,Hybrid,9.59,5.61,5.94,4.96,8.2,3.1,74,No,8.86,No,3,40K-60K,5.8,5.21,1,"As a sales associate in the UK with a hybrid work schedule, I often feel overwhelmed by the demands of my job, which consistently leaves me with high levels of stress and only 3 mental health days off throughout the year. Despite my manager's strong support and fair salary, I struggle to maintain a healthy work-life balance due to my lengthy 36-hour workweek and 74-minute commute. The lack of access to mental health support and therapy further exacerbates my burnout levels, leaving me questioning how much longer I can sustain this pace."
39,Prefer not to say,India,Sales Associate,11,45,Hybrid,4.17,9.48,6.4,7.4,8.6,4.6,58,Yes,1.61,No,7,100K+,1.14,1.97,0,"Despite feeling burnt out with a high stress level, I still manage to have a job satisfaction score of 9.48, which is a testament to my enjoyment of being a Sales Associate for the past 11 years. However, my long commute time and hybrid remote work schedule can sometimes disrupt my work-life balance, leaving me with just 8.6 hours of sleep each day. Overall, my mental health support system is in place, but I lack access to therapy, which might be necessary given my 7 mental health days off in the past."
28,Male,Brazil,Sales Associate,17,34,Yes,9.18,3.1,6.97,9.86,8.5,2.1,113,Yes,1.56,Yes,7,<40K,7.74,1,1,"As a Sales Associate in Brazil working 34 hours a week, I often feel drained and exhausted, with high burnout levels at 9.18 and significant stress affecting my daily life. Despite having access to therapy and mental health support, I struggle to find work-life balance with a long 113-minute commute, resulting in just 8.5 hours of sleep every night. The constant pressure to perform has also taken a toll on my mental health, but I'm grateful to have a supportive manager, albeit with room for improvement."
42,Non-binary,Brazil,Sales Associate,15,47,Yes,2.26,2.69,4.76,8.99,4.6,9.9,87,Yes,7.88,Yes,5,80K-100K,9.6,7.32,0,"As a sales associate in Brazil, I often feel overwhelmed by the demands of my job, especially with 47 work hours per week and a stressful work environment marked by a stress level of 4.76. Despite the long commute of 87 minutes, having access to mental health support and therapy has been a significant stress relief factor for me, allowing me to take some days off for my mental health. While my job satisfaction is moderately high at 2.69, the pressure of sales has contributed to a moderate risk of burnout, but I have learned to balance my work and personal life, scoring a high work-life balance of 9.6."
53,Non-binary,Australia,Sales Associate,20,53,Yes,3.45,3.86,3.94,6.54,4.4,8.4,67,Yes,5.36,Yes,0,80K-100K,1.29,8.47,0,"As an Australian non-binary sales associate working remotely, I often feel overwhelmed with a stress level of 3.94 and a sleep deprivation of 4.4 hours a day, which impacts my overall wellbeing. Despite having access to mental health support and a relatively high manager support score, the demanding work hours and long commute time of 67 minutes take a significant toll on my mental health and wellbeing. However, the prospect of career growth and my job satisfaction of 3.86 may be enough to mitigate the extreme burnout levels of 3.45, but it's a constant struggle."
35,Female,UK,Sales Associate,15,33,No,7.69,2.93,3.26,3.76,5.5,3.5,19,Yes,3.6,No,2,40K-60K,5.15,9.09,1,"As a Sales Associate with 15 years at the company, I often feel overwhelmed due to the long commute times, which add to my high stress levels. Despite having a manageable workload with 33 hours per week, the lack of work-life balance makes me feel like I'm constantly at work, leading to a significant burnout risk that I've experienced. The lack of mental health support outside of work, combined with my unsatisfying job, has caused a notable dip in my overall wellbeing."
47,Female,India,Sales Associate,18,41,Yes,4.33,2.05,7.28,3.52,5.3,6.2,105,No,9.19,No,4,<40K,3.82,5.92,0,"As a 47-year-old Sales Associate in India, I feel overwhelmed by the pressures of my job, with high stress levels constantly weighing me down, making it difficult to enjoy my daily life outside of work. Despite a relatively long tenure of 18 years with the company, I'm struggling to achieve a good work-life balance due to 41 hours of work per week, lengthy commute times, and limited sleep hours, which is taking a toll on my overall wellbeing. With inadequate mental health support, I'm forced to navigate these challenges on my own, making it harder for me to find satisfaction in my job or see a future for my career."
55,Prefer not to say,Canada,Sales Associate,19,55,Yes,7.61,5.72,3.7,1.59,8.7,1.5,70,Yes,6.23,Yes,4,<40K,8.01,1.22,1,"As a seasoned sales associate in Canada, I often feel exhausted from consistently working long hours, 55 per week, which contributes to a significant risk of burnout. Despite having access to mental health support and therapy, and enjoying a good night's sleep, my high stress levels and mediocre job satisfaction make me wonder if my current work-life balance is sustainable. Working from home has helped somewhat, but I still feel an overwhelming pressure to meet performance expectations and worry about my slow career growth and salary prospects."
52,Female,USA,Sales Associate,1,48,Yes,3.54,7.79,4.92,7.14,6,8.7,96,Yes,3.73,No,7,60K-80K,1.21,4.8,0,"As a 52-year-old sales associate working 48 hours a week, I feel overwhelmed with a moderately high stress level of 4.92, which affects my work-life balance, resulting in an extremely poor 1.21 score. The lack of manageable work hours and long commute times of 96 minutes contribute to my overall stress. With minimal manager support and no access to therapy, it's challenging for me to effectively manage my work-related burnout, leaving me feeling exhausted after 7 mental health days off."
56,Male,India,Sales Associate,10,50,No,4.81,2.47,7.87,6.7,7.3,6.2,6,No,6.37,No,8,60K-80K,4.23,4.94,0,"As a sales associate in India, working 50 hours a week without the convenience of remote work takes a toll on my overall wellbeing, exacerbating my high stress levels and contributing to my increasing burnout. Despite satisfactory career growth prospects, I feel unfulfilled with my job, which likely stems from the low job satisfaction I experience daily due to excessive workload. The lack of support from management and access to mental health resources further worsens my wellbeing, leaving me feeling unwell and disconnected from work."
54,Prefer not to say,USA,Sales Associate,20,55,Yes,5.75,3.97,8.2,3.79,6.9,0.7,49,Yes,2.47,No,7,100K+,1.12,7.1,0,"Feeling burnt out and stressed from a 55-hour workweek as a Sales Associate and an almost non-existent work-life balance, I struggle to make the most of my days, constantly feeling exhausted even after trying to get as much sleep as possible at just 6.9 hours a night. My physical well being has likely suffered as a result, and I worry about how this prolonged exposure to high work demands might be affecting my mental health. The lack of meaningful support from my manager combined with no access to therapy has made it difficult to cope, leading to 7 mental health days off taken in the past."
49,Non-binary,Brazil,Sales Associate,19,45,Hybrid,8.93,7.74,7.12,9.75,6,5.2,5,No,1.66,Yes,8,40K-60K,9.9,4.18,1,"Working as a Sales Associate in Brazil with a 45-hour workweek, I feel exhausted with an 8.93 burnout level and lack adequate sleep, averaging just 6 hours per night. The hybrid remote work setup is slightly beneficial, but I face immense stress and dissatisfaction with my current job, scoring only 7.74 in job satisfaction. Unfortunately, my manager provides minimal support, making it challenging to maintain a healthy work-life balance, which is otherwise well-scored at 9.9, and it affects my overall wellbeing greatly."
31,Male,Brazil,Sales Associate,14,57,No,5.36,8.21,1.38,3.39,5.4,8.8,5,Yes,6.55,No,5,80K-100K,4.86,7.23,0,"As a sales associate in Brazil, working 57 hours a week with a commute time of 5 hours, I often feel overwhelmed with stress levels reaching 1.38 out of 10, making it difficult to maintain a healthy work-life balance. Despite having a manager who provides some level of support, I struggle with sleep deprivation, averaging only 5.4 hours of sleep daily, and have experienced burnout to the point of taking 5 mental health days off. Meanwhile, my job provides some benefits, including a decent salary range of 80-100K, but I lack access to therapy and struggle with productivity, leading to an overall job satisfaction score of 8.21 out of 10."
24,Female,UK,Software Engineer,5,59,No,5.84,1.98,5.38,8.83,7.3,2.9,58,No,4.28,Yes,6,100K+,2.84,9.39,0,"As a software engineer in the UK, I'm constantly feeling exhausted due to long work hours of 59 per week and a stressful work environment that's causing my stress level to peak at 5.38 and burnout level to reach 5.84, resulting in six mental health days off from work. My job satisfaction remains low at 1.98, and although I have access to therapy, the lack of support from my manager and poor work-life balance score of 2.84 is taking a toll on my overall wellbeing. Additionally, a lengthy commute of 58 minutes daily and limited physical activity of 2.9 hours per week only add to my stress and dissatisfaction with my current job."
56,Female,Canada,Software Engineer,19,47,No,5.86,2.86,8.1,5.05,8.3,6.8,116,No,3.02,Yes,0,60K-80K,5.52,6.25,0,"As a Canadian software engineer, I've been working long hours for 19 years and feel exhausted due to high stress levels and burnout, which is severely impacting my overall wellbeing. Despite having access to therapy, I still struggle to find a balance between work and personal life, and the support I receive from my manager is barely adequate. My current situation is taking a toll on my mental and physical health, and I wish there was more flexibility to work remotely or have better stress management resources available."
24,Prefer not to say,UK,Software Engineer,11,42,Hybrid,4.25,7.61,1.46,9.21,6.1,6.7,8,Yes,4.07,Yes,0,100K+,6.86,1.86,0,"As a software engineer in the UK, I feel overwhelmed by the demanding 42-hour workweek, but thankfully, having hybrid remote work options allows me to maintain some balance in my life. Despite this, my high burnout level at 4.25 makes me worry about my overall wellbeing, with long working hours and mediocre manager support adding to my stress. However, my job satisfaction remains relatively high at 7.61, and having access to mental health support and therapy helps mitigate some of these work-related pressures."
47,Male,UK,Software Engineer,4,40,Hybrid,8.01,2.11,7.37,4.83,7.1,5.5,10,No,8.76,No,8,100K+,9.48,7.93,1,"As a software engineer, my overall wellbeing in the company feels strained due to the exceptionally high stress levels I experience every day, making it challenging to maintain my job satisfaction. With an extremely high burnout risk and limited mental health resources, I find myself struggling to achieve a balance between my work and personal life. Despite my manager's excellent support, the lack of access to therapy and mental health support makes it difficult for me to cope with my 8 mental health days off."
32,Female,India,Software Engineer,10,35,No,8.36,4.66,2.13,4.99,8.9,3.8,51,No,5.97,Yes,7,60K-80K,5.92,7.12,1,"As a 32-year-old female software engineer in India, I struggle to balance my work and personal life, often feeling overwhelmed by a burnout level of 8.36 and an 8.5-hour daily sleep, which seems to be barely sufficient. The lack of support from management and the absence of mental health support at work add to my stress, resulting in limited productivity despite having a good salary and career growth opportunities. With barely any mental health days off, I often find myself pushing through burnout, but wish I had access to therapy and better stress management systems to mitigate this high stress level of 2.13."
38,Male,USA,Software Engineer,4,53,Yes,3.86,5.4,6.27,2.27,5.4,7.6,8,Yes,4.25,No,8,<40K,5.64,7.31,0,"As a software engineer who works long hours in a remote setup, I often find myself struggling with high stress levels and burnout, which significantly compromise my work-life balance and overall wellbeing. Despite having mental health support from my employer and a supportive manager, I still struggle with inadequate sleep and find that my job satisfaction is somewhat affected by my stressful work environment. My physical activity and commute time help mitigate some of this stress, but my limited salary range and limited access to therapy leave me feeling uncertain about my career growth prospects."
57,Prefer not to say,India,Software Engineer,2,54,Hybrid,4.73,4.94,8.75,1.19,5.6,8,64,No,4.87,Yes,9,<40K,3.52,3.94,0,"As a software engineer working 54 hours a week in a hybrid remote setting, I often feel overwhelmed and exhausted, experiencing a severe burnout level that affects my daily life. With a salary below 40K and a long commute time, I struggle to maintain a balance between my work and personal life, impacting my overall wellbeing. Despite having access to mental health support and a decent manager support score, I often take mental health days off due to the immense stress and burnout risk I face in my role."
24,Prefer not to say,Canada,Software Engineer,14,31,Hybrid,6.75,8.1,5.25,8.11,6.6,6.6,9,No,2.13,Yes,4,40K-60K,6.59,2.32,0,"As a software engineer in Canada, I often feel burnt out from the demanding workload and long hours, averaging over 31 hours a week, which seems unsustainable and contributes to my high stress levels. Despite having access to therapy, I struggle with getting adequate rest with less than 7 hours of sleep per night, and a lack of support from my manager doesn't help alleviate feelings of isolation. The physical and mental demands of my job, combined with the pressure to perform, have started to take a toll on my overall wellbeing."
28,Prefer not to say,UK,Software Engineer,0,51,No,8.82,9.24,1.13,3.77,8.3,8.9,84,Yes,5.24,Yes,7,80K-100K,5.12,3.5,1,"As a software engineer, I feel overworked and exhausted due to the high stress levels and burnout risk, which seems to be directly impacting my overall wellbeing. The long commutes and demanding work schedule of 51 hours a week have severely disrupted my work-life balance, making it difficult to maintain a healthy routine. Despite having access to mental health support and therapy, I've still managed to take off 7 mental health days, a clear indication that my wellbeing is suffering due to work-related pressures."
23,Female,Brazil,Software Engineer,4,31,No,3.1,1.23,3.18,4.09,8.5,9.3,22,No,4.43,Yes,1,40K-60K,8.97,5.61,0,"As a 23-year-old female software engineer in Brazil, I often feel overwhelmed by the long hours I work each week, with 31 hours being a significant burden on my wellbeing. Despite having a high manager support score and access to therapy, the stress and burnout levels are concerning, with 3.18 and 3.1 respectively, and the lack of mental health support from the company is a notable absence. A decent balance between work and life is maintained, but I worry that my job satisfaction level of 1.23 and productivity score of 4.09 may not be enough to compensate for the pressures of my job."
55,Female,India,Software Engineer,12,45,Hybrid,4.55,4.44,7.19,1.59,4.6,9.9,69,Yes,6.91,Yes,0,80K-100K,1.92,3.64,0,"As a 55-year-old female software engineer in India, the high stress levels in my job have taken a toll on my overall wellbeing, making it challenging to maintain a healthy work-life balance. The long commute time of 69 minutes and demanding work hours of 45 per week add to my fatigue and exhaustion. Despite having access to mental health support and therapy, the constant stress and pressure to perform leave me feeling burnt out, but grateful for the supportive manager and hybrid work setup."
43,Female,Australia,Software Engineer,15,33,No,4.13,7.54,6.98,4.27,4.6,1.9,12,Yes,6.58,Yes,3,60K-80K,7.45,1.72,0,"As a software engineer in Australia, I've been feeling quite overwhelmed at work, with high stress levels and burnout having taken a toll on my daily life. Despite my 15 years of dedication to the company, I often struggle to maintain a decent work-life balance, partly due to the lengthy commute and demanding work hours of 33 per week. Overall, I'm left feeling drained, both physically and mentally, and while I appreciate the supports in place for my mental health, it's clear that I need more help to get back on track."
55,Non-binary,UK,Software Engineer,3,43,Hybrid,5.36,5.06,5.31,2.05,4.9,8,58,No,4.51,Yes,7,60K-80K,3.35,7.88,0,"As a 55-year-old software engineer working 43 hours a week, I often feel overwhelmed by high stress levels and a moderate burnout risk, which negatively affects my overall wellbeing. Despite having access to therapy and a supportive manager, my limited work-life balance and long commute time exacerbate my situation, leading to poor sleep quality and reduced physical activity. Feeling undervalued is not the case, as I have a strong career growth opportunity, but dealing with a high burnout level is weighing heavily on my mental wellbeing."
49,Male,UK,Software Engineer,12,53,No,2.9,7.74,5.41,6.15,6.4,4.8,61,No,3.87,Yes,0,60K-80K,5.6,8.23,0,"As a 49-year-old male software engineer in the UK, I often feel unwell due to high stress levels that seem to consume my life, making my 53-hour workweeks seem unbearable. Despite having a good salary and opportunities for career growth, I struggle to maintain a healthy work-life balance, often sacrificing sleep for work that seems endless."
50,Female,India,Software Engineer,15,33,No,6.35,8.68,8.54,6.35,7.8,6.3,17,Yes,8.71,No,4,60K-80K,2.8,1.06,0,"As a 50-year-old female software engineer in India, I often feel overwhelmed by the high stress levels and excessive workload, leading to burnout despite my relatively good job satisfaction and positive manager support. The long commute time of 17 hours per week further exacerbates my fatigue, affecting my physical and mental wellbeing. Struggling to maintain a balance between work and personal life, I often sacrifice sleep to meet deadlines, leaving me feeling exhausted and with limited time for physical activity or therapy."
